1787122411971	20.0	792	0	0.0	0	0	0
1787122522352	20.0	656	0	31.3	3	147	21
1787122524241	16.786774619420417	658	0	23.3	3	147	21
1787122525421	16.571459199549125	598	0	43.7	3	147	21
1787122527061	16.770678308251853	598	0	34.8	3	147	21
1787122528092	17.126112228527774	600	0	43.5	3	147	21
1787122559369	12.063657990254654	770	0	25.0	4	196	21
1787122561063	12.022105918837635	984	0	35.4	4	196	21
1787122562065	12.093158648633915	986	0	8.0	4	196	21
1787122563065	12.093280304430344	986	0	7.5	4	196	21
1787122564065	12.093305459893486	986	0	5.3	4	196	21
1787122566063	12.093324978797368	986	0	5.2	4	196	21
1787122567066	12.093167579669407	988	0	5.8	4	196	21
1787122569062	12.093315508360707	990	0	5.7	4	196	21
1787122570062	12.09324305751873	990	0	3.0	4	196	21
1787122571063	12.093135081137168	990	0	3.0	4	196	21
1787122572064	12.093316898572642	992	0	4.0	4	196	21
1787122613356	20.0	642	0	0.0	0	0	0
1787122631217	20.0	945	0	50.6	3	147	21
1787122633201	20.0	965	0	17.1	3	147	21
1787122635196	20.0	967	0	9.7	3	147	21
1787122636198	20.0	967	0	6.7	3	147	21
1787122637200	20.0	967	0	8.2	3	147	21
1787122638202	20.0	967	0	7.7	3	147	21
1787122640200	20.0	1021	0	10.2	3	147	21
1787122641345	19.921195280510045	1057	0	50.2	4	196	21
1787122643343	19.977585670625505	1077	0	39.0	4	196	21
1787122644343	19.977594210788066	1089	0	36.7	4	196	21
1787122645346	19.977572939218277	1093	0	23.4	4	196	21
1787122647343	19.977448064529586	1095	0	10.7	4	196	21
1787122648343	19.97759471365946	1095	0	8.2	4	196	21
1787122650345	19.97756535259772	1097	0	7.7	4	196	21
1787122651346	19.97707606515737	1097	0	6.7	4	196	21
1787122653345	19.97755838958109	1097	0	7.8	4	196	21
1787122654348	19.97758205175128	1097	0	6.0	4	196	21
1787122656343	19.97741650487325	1099	0	9.0	4	196	21
1787122657347	19.977614947269725	1101	0	5.0	4	196	21
1787122659344	19.97760831281483	1105	0	7.5	4	196	21
1787122661344	19.97758184488249	1105	0	3.5	4	196	21
1787122662347	19.97760212935252	1107	0	7.2	4	196	21
1787122663347	19.977174417458954	1109	0	6.0	4	196	21
1787122665340	19.97756570114778	1109	0	5.0	4	196	21
1787122666342	19.97757323621774	1111	0	3.5	4	196	21
1787122667349	19.97760542096814	1111	0	5.0	4	196	21
1787122669342	19.97759334772512	1113	0	3.7	4	196	21
1787122670349	19.977613355173094	1115	0	5.0	4	196	21
1787122672345	19.977425497201708	1115	0	6.0	4	196	21
1787122673347	19.977426900362204	1117	0	5.5	4	196	21
1787122674349	19.977559136901185	1119	0	6.8	4	196	21
1787122676343	19.977438541047814	1119	0	4.3	4	196	21
1787122677346	19.97756315620047	1121	0	8.2	4	196	21
1787122679346	19.977538697533827	1121	0	7.3	4	196	21
1787122681341	19.977205096359732	1123	0	7.8	4	196	21
1787122682346	19.97727911162861	1123	0	6.5	4	196	21
1787122683413	19.977434817796276	1125	0	13.6	4	196	21
1787122685343	19.977554409528818	1127	0	9.0	4	196	21
1787122687343	19.97761309741776	1127	0	3.7	4	196	21
1787122688344	19.977237453860695	1129	0	4.3	4	196	21
1787122690340	19.977595706431433	1129	0	4.8	4	196	21
1787122691427	19.977639774298435	1131	0	3.1	4	196	21
1787122693341	19.951643354963174	1131	0	3.5	4	196	21
1787122694346	19.95178998839605	1131	0	3.2	4	196	21
1787122696350	19.95150080117047	1133	0	2.3	4	196	21
1787122698341	19.95132734168713	1133	0	2.5	4	196	21
1787122699346	19.95124486294595	1133	0	4.0	4	196	21
1787122701345	20.0	1135	0	2.9	4	196	21
1787122703347	20.0	1137	0	3.5	4	196	21
1787122705341	19.999647860866876	1137	0	3.3	4	196	21
1787122706341	19.999849626797282	1137	0	2.0	4	196	21
1787122707344	20.0	1137	0	3.7	4	196	21
1787122708346	19.99981438438934	1139	0	4.5	4	196	21
1787122709346	20.0	1139	0	4.3	4	196	21
1787122710444	19.9998697135154	1141	0	4.2	4	196	21
1787122712346	20.0	1141	0	2.7	4	196	21
1787122714340	19.999996084000767	1143	0	2.1	4	196	21
1787122715343	20.0	1143	0	3.5	4	196	21
1787122716346	19.99995990374705	1143	0	6.0	4	196	21
1787122718343	19.999937993858904	1145	0	4.2	4	196	21
1787122719346	19.999976553027487	1145	0	3.7	4	196	21
1787122721342	19.999990111671554	1145	0	3.0	4	196	21
1787122722343	19.99991566768893	1147	0	3.0	4	196	21
1787122724342	20.0	1149	0	3.0	4	196	21
1787122726343	20.0	1149	0	3.8	4	196	21
1787122727344	19.999954591103098	1149	0	4.3	4	196	21
1787122729345	19.999858081673715	1149	0	8.3	4	196	21
1787122731342	20.0	1151	0	3.7	4	196	21
1787122732345	19.999626212319324	1151	0	5.7	4	196	21
1787122734342	19.999979070355234	1153	0	2.8	4	196	21
1787122735347	20.0	1153	0	5.2	4	196	21
1787122737342	20.0	1155	0	3.2	4	196	21
1787122738344	20.0	1155	0	3.7	4	196	21
1787122739344	20.0	1155	0	3.5	4	196	21
1787122741345	20.0	1157	0	5.4	4	196	21
1787122743345	20.0	1157	0	3.7	4	196	21
1787122744363	20.0	1159	0	7.6	4	196	21
1787122746344	19.997692548247397	1159	0	6.8	4	196	21
1787122747364	19.999712234140517	1159	0	7.4	4	196	21
1787122749350	19.996566690815126	1161	0	27.6	4	196	21
1787122750359	19.997342739098688	1161	0	15.6	4	196	21
1787122752341	20.0	1163	0	2.8	4	196	21
1787122754343	20.0	1163	0	4.5	4	196	21
1787122756342	20.0	1165	0	2.6	4	196	21
1787122757358	20.0	1165	0	4.7	4	196	21
1787122759350	20.0	1167	0	4.8	4	196	21
1787122761341	20.0	1167	0	2.0	4	196	21
1787122763343	20.0	1169	0	1.6	4	196	21
1787122764343	20.0	1169	0	1.6	4	196	21
1787122766341	20.0	1169	0	1.6	4	196	21
1787122767350	19.99997974735384	1169	0	3.2	4	196	21
1787122770165	19.997694926032256	1171	0	2.0	4	196	21
1787122771346	19.97473910665251	1171	0	5.7	4	196	21
1787122772350	19.999622497458876	1173	0	3.2	4	196	21
1787122774349	19.99730821733346	1173	0	4.2	4	196	21
1787122776348	19.99770372600732	1175	0	5.7	4	196	21
1787122778347	19.99972876134524	1175	0	4.4	4	196	21
1787122780347	19.999800808317218	1175	0	4.8	4	196	21
1787122781349	19.997342739098688	1177	0	3.2	4	196	21
1787122782357	19.997843451893395	1177	0	4.5	4	196	21
1787122784351	19.99737562974449	1179	0	5.5	4	196	21
1787122786346	19.996748695968165	1179	0	4.6	4	196	21
1787122787351	19.997793220187393	1181	0	5.6	4	196	21
1787122789350	19.997442400774187	1181	0	3.2	4	196	21
1787122791348	19.99731583661834	1181	0	4.2	4	196	21
1787122793380	20.0	1181	0	4.7	4	196	21
1787122795350	19.997808355524928	1183	0	5.5	4	196	21
1787122797346	19.997771124422	1185	0	2.8	4	196	21
1787122798349	19.997829114995998	1185	0	3.2	4	196	21
1787122800356	19.99784097009567	1187	0	5.3	4	196	21
1787122802345	19.99787481684417	1187	0	5.5	4	196	21
1787122803347	19.997508668708576	1187	0	5.5	4	196	21
1787122804368	19.997957351641926	1189	0	10.5	4	196	21
1787122806349	19.998084566128583	1191	0	4.0	4	196	21
1787122808348	19.998120531303396	1193	0	4.2	4	196	21
1787122809349	20.0	1193	0	4.5	4	196	21
1787122810366	20.0	1193	0	10.6	4	196	21
1787122812348	19.997952977536496	1195	0	4.2	4	196	21
1787122814345	19.994697923973238	1195	0	5.0	4	196	21
1787122815351	19.997844267717465	1195	0	3.4	4	196	21
1787122817349	19.99996528539359	1195	0	3.6	4	196	21
1787122818357	19.998400152985763	1197	0	5.0	4	196	21
1787122820351	19.999477798968385	1199	0	6.5	4	196	21
1787122821373	19.999777492808832	1199	0	6.7	4	196	21
1787122823357	19.997763000902903	1199	0	6.0	4	196	21
1787122824359	19.995758181841914	1199	0	6.0	4	196	21
1787122826349	19.997795667314243	1201	0	4.8	4	196	21
1787122828349	20.0	1201	0	3.4	4	196	21
1787122830346	20.0	1203	0	4.8	4	196	21
1787122831349	20.0	1203	0	4.5	4	196	21
1787122833349	20.0	1205	0	7.0	4	196	21
1787122834361	20.0	1205	0	4.7	4	196	21
1787122836380	20.0	1205	0	5.7	4	196	21
1787122838351	19.997973667655273	1205	0	4.7	4	196	21
1787122839353	20.0	1205	0	4.5	4	196	21
1787122841352	19.99929173441623	1207	0	4.2	4	196	21
1787122843361	20.0	1209	0	4.9	4	196	21
1787122844366	20.0	1209	0	4.0	4	196	21
1787122846356	20.0	1211	0	4.4	4	196	21
1787122848346	19.999512120234957	1211	0	4.6	4	196	21
1787122849349	20.0	1211	0	3.8	4	196	21
1787122851340	20.0	1213	0	1.8	4	196	21
1787122852343	20.0	1213	0	2.3	4	196	21
1787122853343	20.0	1213	0	3.0	4	196	21
1787122855342	20.0	1215	0	2.0	4	196	21
1787122856357	20.0	1215	0	2.4	4	196	21
1787122858350	19.99919991800784	1215	0	1.6	4	196	21
1787122859353	19.998644040604194	1215	0	2.0	4	196	21
1787122861770	19.239635853643353	1231	0	12.5	4	196	21
1787122863349	20.0	1231	0	3.2	4	196	21
1787122865372	20.0	1233	0	3.3	4	196	21
1787122867347	19.999927369263762	1233	0	5.0	4	196	21
1787122869351	20.0	1233	0	3.2	4	196	21
1787122871349	20.0	1235	0	8.2	4	196	21
1787122873350	20.0	1237	0	3.0	4	196	21
1787122875350	20.0	1237	0	4.0	4	196	21
1787122877346	19.99990049416174	1239	0	4.3	4	196	21
1787122878350	20.0	1239	0	5.7	4	196	21
1787122879351	19.99789694749808	1239	0	5.2	4	196	21
1787122881351	19.997751267534984	1239	0	5.5	4	196	21
1787122882351	20.0	1241	0	5.8	4	196	21
1787122883367	19.99982171058937	1241	0	4.3	4	196	21
1787122885346	19.99900788655023	1243	0	2.2	4	196	21
1787122886346	19.99999150067028	1243	0	3.7	4	196	21
1787122887353	20.0	1243	0	6.2	4	196	21
1787122889343	20.0	1243	0	2.7	4	196	21
1787122891345	20.0	1245	0	2.2	4	196	21
1787122893341	20.0	1245	0	2.3	4	196	21
1787122895342	20.0	1247	0	2.5	4	196	21
1787122896352	20.0	1247	0	3.0	4	196	21
1787122898349	19.99984815115291	1249	0	2.4	4	196	21
1787122900164	20.0	1249	0	1.1	4	196	21
1787122901348	19.99813578878037	1249	0	8.0	4	196	21
1787122902358	20.0	1249	0	4.2	4	196	21
1787122904351	20.0	1251	0	5.3	4	196	21
1787122905351	19.99841317191116	1251	0	3.8	4	196	21
1787122907346	19.99805030208463	1253	0	3.4	4	196	21
1787122908349	20.0	1253	0	3.6	4	196	21
1787122910348	20.0	1253	0	3.0	4	196	21
1787122912346	19.997627598114587	1255	0	4.2	4	196	21
1787122913351	19.997840188597788	1255	0	3.2	4	196	21
1787122915354	19.997810976284136	1255	0	3.5	4	196	21
1787122917360	20.0	1257	0	3.2	4	196	21
1787122918373	20.0	1257	0	2.9	4	196	21
1787122920358	20.0	1259	0	3.4	4	196	21
1787122922351	20.0	1261	0	8.7	4	196	21
1787122923353	19.998909164166054	1261	0	5.5	4	196	21
1787122924357	20.0	1261	0	6.5	4	196	21
1787122926349	20.0	1263	0	3.6	4	196	21
1787122927351	20.0	1263	0	5.4	4	196	21
1787122929346	20.0	1263	0	5.4	4	196	21
1787122930352	20.0	1265	0	4.8	4	196	21
1787122934970	19.999555330220115	1301	0	30.1	4	196	21
1787122936773	18.928637529604558	1343	0	46.3	4	196	21
1787122938748	18.925508314255236	1387	0	31.5	4	196	21
1787122939755	18.92711167151803	1387	0	8.4	4	196	21
1787122941745	18.928271841309428	1389	0	7.3	4	196	21
1787122942747	18.928911898481733	1389	0	3.4	4	196	21
1787122943772	18.927540677574754	1399	0	7.0	4	196	21
1787122945749	18.927738915296917	1419	0	4.5	4	196	21
1787122947755	18.92737072713557	1421	0	3.4	4	196	21
1787122949746	18.927391189535733	1421	0	4.5	4	196	21
1787122950749	18.927461828474165	1421	0	3.8	4	196	21
1787122951750	18.928917699121918	1421	0	4.0	4	196	21
1787122952752	18.927436421502573	1423	0	4.0	4	196	21
1787122954750	18.926663545568054	1423	0	8.0	4	196	21
1787122956753	18.926442522501052	1425	0	5.7	4	196	21
1787122958751	18.925475668463484	1425	0	5.0	4	196	21
1787122960762	18.927057920813702	1425	0	4.9	4	196	21
1787122962774	18.927436328059596	1427	0	5.4	4	196	21
1787122964747	18.930006825669228	1427	0	5.5	4	196	21
1787122965751	18.92574893501004	1429	0	5.5	4	196	21
1787122966751	18.928314091212243	1429	0	8.0	4	196	21
1787122968767	18.928332534047083	1429	0	5.7	4	196	21
1787122970747	18.929044350553546	1431	0	5.0	4	196	21
1787122971747	18.92603955979977	1431	0	4.4	4	196	21
1787122972751	18.926447792968986	1431	0	4.8	4	196	21
1787122974751	18.928389122433682	1433	0	5.4	4	196	21
1787122976753	18.926217897504102	1433	0	5.8	4	196	21
1787122978755	18.9274523590672	1433	0	3.8	4	196	21
1787122980750	18.928007116189203	1437	0	6.2	4	196	21
1787122981750	18.9274274029158	1437	0	5.2	4	196	21
1787122983751	18.92770643257899	1437	0	5.4	4	196	21
1787122984767	18.929705378577538	1439	0	5.1	4	196	21
1787122986752	18.92910394464748	1439	0	5.2	4	196	21
1787122988749	18.92631750736074	1439	0	4.8	4	196	21
1787122990755	18.928503854894295	1441	0	4.4	4	196	21
1787122992747	18.926678253437878	1443	0	7.5	4	196	21
1787122993756	18.92629827562579	1443	0	3.4	4	196	21
1787122995758	20.0	1443	0	5.7	4	196	21
1787122997743	20.0	1445	0	6.0	4	196	21
1787122998775	20.0	1445	0	7.0	4	196	21
1787123000785	20.0	1445	0	4.5	4	196	21
1787123002745	19.99823540636994	1447	0	4.5	4	196	21
1787123003748	19.999560902973855	1447	0	4.0	4	196	21
1787123004753	20.0	1447	0	4.2	4	196	21
1787123006753	19.995163208677138	1449	0	4.0	4	196	21
1787123008750	20.0	1449	0	4.4	4	196	21
1787123052460	20.0	1455	0	0.3	4	196	21
1787123053487	11.800185799123389	1459	0	10.9	4	196	21
1787123055501	11.799092626481682	1461	0	7.1	4	196	21
1787123057474	11.799617275331007	1463	0	7.3	4	196	21
1787123059469	11.796952450432848	1463	0	9.9	4	196	21
1787123060485	11.79992990679583	1465	0	9.0	4	196	21
1787123062464	11.79940641437852	1467	0	8.5	4	196	21
1787123063495	11.799401120892668	1467	0	9.4	4	196	21
1787123065477	11.799330837541273	1469	0	9.3	4	196	21
1787123067453	11.800097496797122	1469	0	12.2	4	196	21
1787123068453	11.797458098063283	1471	0	20.3	4	196	21
1787123069469	11.798010911389094	1471	0	13.8	4	196	21
1787123071447	11.798843941501072	1473	0	7.7	4	196	21
1787123072450	11.796623542091988	1473	0	3.6	4	196	21
1787123074448	11.799245702320189	1473	0	4.0	4	196	21
1787123075459	11.798716119856028	1473	0	4.3	4	196	21
1787123077446	11.799708978896307	1475	0	4.2	4	196	21
1787123078451	11.7998655697483	1475	0	8.0	4	196	21
1787123080450	11.799388980873658	1477	0	2.0	4	196	21
1787123082447	11.799114367244304	1479	0	3.0	4	196	21
1787123083468	11.799461228834279	1479	0	3.1	4	196	21
1787123085464	11.79978185303943	1479	0	1.8	4	196	21
1787123087453	11.798684447297658	1481	0	4.0	4	196	21
1787123089450	11.799581488903877	1481	0	4.2	4	196	21
1787123091451	11.799143824571168	1481	0	5.0	4	196	21
1787123092453	11.799181366816551	1483	0	5.7	4	196	21
1787123094446	11.799563885717573	1483	0	5.8	4	196	21
1787123095450	11.799803082679594	1483	0	6.5	4	196	21
1787123096450	11.799198412905334	1483	0	6.5	4	196	21
1787123098446	11.799377813948494	1485	0	5.5	4	196	21
1787123099453	11.799560827885905	1485	0	5.7	4	196	21
1787123101442	11.800142394139426	1487	0	6.6	4	196	21
1787123102452	11.798908055918874	1487	0	6.7	4	196	21
1787123104446	11.799542511791659	1489	0	5.8	4	196	21
1787123106440	11.798808213941209	1489	0	1.9	4	196	21
1787123107442	11.800219171803462	1491	0	3.0	4	196	21
1787123108442	11.801110021519081	1491	0	2.5	4	196	21
1787123109442	11.800024358839451	1491	0	2.7	4	196	21
1787123111441	11.800344167484882	1493	0	2.3	4	196	21
1787123112446	11.800188693898825	1493	0	3.4	4	196	21
1787123113447	19.999715844703935	1493	0	3.8	4	196	21
1787123114452	20.0	1493	0	3.6	4	196	21
1787123116446	20.0	1495	0	3.6	4	196	21
1787123117447	19.997998454662568	1495	0	3.4	4	196	21
1787123118465	19.99970747727854	1495	0	5.8	4	196	21
1787123120449	19.998839536670996	1497	0	4.7	4	196	21
1787123122441	20.0	1499	0	3.7	4	196	21
1787123124958	20.0	1499	0	1.3	4	196	21
1787123126473	19.942959628824493	1499	0	8.2	4	196	21
1787123128446	20.0	1501	0	4.5	4	196	21
1787123129450	20.0	1501	0	21.7	4	196	21
1787123130473	19.99972726805252	1501	0	5.7	4	196	21
1787123132450	20.0	1503	0	6.0	4	196	21
1787123133450	20.0	1503	0	4.6	4	196	21
1787123135451	19.999559531034194	1503	0	5.0	4	196	21
1787123138829	19.327382452430395	1511	0	21.7	4	196	52
1787123140217	19.25957447752858	1515	0	35.7	4	196	52
1787123142928	19.895155113616035	442	0	58.6	4	196	21
1787123144501	19.99136257653256	442	0	14.2	4	196	21
1787123146455	20.0	442	0	18.7	4	196	21
1787123148447	19.99973450752436	444	0	8.3	4	196	21
1787123150446	19.997415376390464	444	0	5.5	4	196	21
1787123151447	20.0	444	0	5.5	4	196	21
1787123152448	19.998512409987764	446	0	6.3	4	196	21
1787123154448	19.998931627074086	448	0	6.0	4	196	21
1787123156449	20.0	448	0	6.2	4	196	21
1787123157451	19.997811792105555	448	0	6.2	4	196	21
1787123159465	19.99991195238762	448	0	6.1	4	196	21
1787123184394	19.999989018339363	454	0	0.3	4	196	21
1787123186392	14.295598108909477	460	0	2.3	4	196	21
1787123188395	14.295409118870987	460	0	3.0	4	196	21
1787123190391	14.295359732520781	462	0	2.3	4	196	21
1787123192396	14.294214074990341	462	0	4.0	4	196	21
1787123194391	14.29422375027543	464	0	2.7	4	196	21
1787123195391	14.294224734610378	466	0	2.1	4	196	21
1787123196391	14.294230259556748	466	0	2.8	4	196	21
1787123197392	14.294534164237094	468	0	3.8	4	196	21
1787123199394	14.295483412337738	468	0	4.0	4	196	21
1787123201391	14.295460279749207	470	0	4.0	4	196	21
1787123202394	14.295580688251453	470	0	4.2	4	196	21
1787123204393	14.295154171777492	472	0	4.2	4	196	21
1787123205393	14.29442878756706	472	0	3.8	4	196	21
1787123207392	14.29453968039792	476	0	7.2	4	196	21
1787123208394	14.548862190361413	476	0	5.0	4	196	21
1787123210392	14.32855652421862	476	0	2.1	4	196	21
1787123211401	14.295929640509842	476	0	3.2	4	196	21
1787123213392	14.295391352797282	510	0	5.1	4	196	21
1787123215390	14.294737037283095	590	0	8.5	4	196	21
1787123216390	14.295601754425796	630	0	7.3	4	196	21
1787123217390	14.295004333341154	652	0	4.5	4	196	21
1787123218390	14.295247088423533	654	0	1.1	4	196	21
1787123219391	14.295620798302195	654	0	1.4	4	196	21
1787123221390	14.712172490364116	660	0	2.0	4	196	21
1787123222391	14.699318301198987	660	0	1.9	4	196	21
1787123223391	14.596035591817957	660	0	3.7	4	196	21
1787123225391	14.349422971007922	660	0	1.6	4	196	21
1787123227390	14.41521670840816	662	0	1.9	4	196	21
1787123228390	14.299767891613412	664	0	1.9	4	196	21
1787123229391	14.297814809790927	664	0	1.7	4	196	21
1787123231391	14.29477623788161	664	0	2.2	4	196	21
1787123233391	14.29516441592216	666	0	3.5	4	196	21
1787123234391	14.296740403876388	666	0	3.5	4	196	21
1787123235392	14.29459447120124	666	0	3.3	4	196	21
1787123237391	14.294721871561544	668	0	3.2	4	196	21
1787123238391	14.2957058266455	668	0	2.5	4	196	21
1787123239392	14.294419120858722	668	0	2.5	4	196	21
1787123240392	14.294451038703485	670	0	1.9	4	196	21
1787123242391	14.2953960094413	670	0	3.8	4	196	21
1787123243391	14.29523460018575	670	0	3.7	4	196	21
1787123244391	14.2957154239062	670	0	3.2	4	196	21
1787123245392	20.0	672	0	2.6	4	196	21
1787123247390	19.999875182112312	672	0	1.6	4	196	21
1787123248391	19.999930007911612	672	0	1.6	4	196	21
1787123250392	20.0	674	0	2.3	4	196	21
1787123251393	20.0	674	0	3.0	4	196	21
1787123253395	20.0	676	0	3.3	4	196	21
1787123255391	19.999992264669658	676	0	3.2	4	196	21
1787123256393	19.99998547634388	676	0	3.7	4	196	21
1787123258390	20.0	678	0	2.3	4	196	21
1787123259391	20.0	678	0	2.5	4	196	21
1787123260393	20.0	678	0	2.3	4	196	21
1787123262390	20.0	680	0	2.0	4	196	21
1787123263391	20.0	680	0	2.3	4	196	21
1787123265393	20.0	680	0	5.0	4	196	21
1787123267393	20.0	682	0	3.3	4	196	21
1787123269396	20.0	684	0	3.8	4	196	21
1787123271395	19.999657843187	684	0	4.0	4	196	21
1787123273393	19.999983566680168	684	0	3.5	4	196	21
1787123275391	19.99995997308011	686	0	2.8	4	196	21
1787123276393	19.99997063270979	686	0	1.9	4	196	21
1787123278390	19.999995163667837	688	0	1.4	4	196	21
1787123279391	19.999881362703743	688	0	2.0	4	196	21
1787123280391	19.99997358403489	688	0	2.4	4	196	21
1787123281392	19.999989660338677	690	0	2.0	4	196	21
1787123283393	20.0	690	0	2.8	4	196	21
1787123285390	19.999979868686932	692	0	1.3	4	196	21
1787123286391	20.0	692	0	1.7	4	196	21
1787123288393	19.99997863602282	694	0	2.2	4	196	21
1787123290393	19.999829557785873	696	0	3.2	4	196	21
1787123330770	20.0	647	0	0.0	0	0	0
1787123349719	20.0	919	0	45.0	3	147	21
1787123351719	20.0	939	0	9.5	3	147	21
1787123352719	20.0	939	0	9.7	3	147	21
1787123354715	20.0	941	0	5.7	3	147	21
1787123355717	20.0	941	0	6.5	3	147	21
1787123356718	20.0	941	0	6.2	3	147	21
1787123358721	20.0	943	0	7.8	3	147	21
1787123359852	19.92751337715615	977	0	50.6	3	147	21
1787123361853	19.979747249816757	995	0	39.6	4	196	21
1787123363852	19.979755583915725	1015	0	33.0	4	196	21
1787123364853	19.979754405638108	1017	0	17.3	4	196	21
1787123366852	19.97978470923944	1017	0	7.8	4	196	21
1787123367853	19.979259034046194	1017	0	5.7	4	196	21
1787123369851	19.97978815759184	1019	0	4.8	4	196	21
1787123370851	19.979791605612775	1019	0	3.8	4	196	21
1787123372850	19.979371769827836	1021	0	5.3	4	196	21
1787123373855	19.979704300359373	1021	0	4.0	4	196	21
1787123375852	19.979774262728235	1021	0	4.2	4	196	21
1787123377850	19.979808707015803	1023	0	4.2	4	196	21
1787123379850	19.979814754122565	1023	0	3.8	4	196	21
1787123380858	19.97981076951192	1023	0	3.4	4	196	21
1787123381865	19.977136154353254	1025	0	4.2	4	196	21
1787123383853	19.97983121452672	1131	0	6.2	4	196	21
1787123385848	19.979814755120547	1335	0	9.7	4	196	21
1787123386848	19.979811671022453	1443	0	7.9	4	196	21
1787123387849	19.97983741766539	1517	0	7.0	4	196	21
1787123388852	19.979809730945274	1521	0	2.0	4	196	21
1787123390849	19.979823591926777	1521	0	2.2	4	196	21
1787123391872	19.979830037238166	1523	0	2.5	4	196	21
1787123393862	19.9769343632274	431	0	6.2	4	196	21
1787123395854	19.97844186240656	431	0	5.0	4	196	21
1787123396855	19.977139360676954	433	0	3.2	4	196	21
1787123397857	19.977138217627925	433	0	4.4	4	196	21
1787123399848	19.979828998669518	507	0	5.1	4	196	21
1787123400852	19.97982938023204	525	0	6.0	4	196	21
1787123401853	19.979372813005998	525	0	5.8	4	196	21
1787123402854	19.979806180791297	525	0	2.8	4	196	21
1787123403857	19.9797595219321	525	0	9.5	4	196	21
1787123405848	19.979674867563123	581	0	4.3	4	196	21
1787123406848	19.979688693761215	643	0	8.1	4	196	21
1787123407849	19.97981564132904	721	0	7.4	4	196	21
1787123409849	19.979828428155393	807	0	3.0	4	196	21
1787123410849	19.955968030279987	807	0	1.4	4	196	21
1787123411849	19.955595982870925	807	0	3.7	4	196	21
1787123413848	19.95549326437025	809	0	1.8	4	196	21
1787123414848	19.955761963773934	809	0	2.1	4	196	21
1787123415849	19.955614822619978	809	0	2.0	4	196	21
1787123417851	19.956188413453273	811	0	2.7	4	196	21
1787123419848	20.0	811	0	2.0	4	196	21
1787123420848	20.0	813	0	1.6	4	196	21
1787123421848	20.0	813	0	3.0	4	196	21
1787123422850	20.0	813	0	3.0	4	196	21
1787123423850	20.0	813	0	3.5	4	196	21
1787123425849	20.0	815	0	2.0	4	196	21
1787123427851	20.0	815	0	3.0	4	196	21
1787123429852	19.999981917349682	817	0	3.5	4	196	21
1787123431850	20.0	817	0	3.2	4	196	21
1787123433848	20.0	819	0	3.5	4	196	21
1787123434848	20.0	819	0	5.0	4	196	21
1787123435851	20.0	821	0	7.7	4	196	21
1787123437849	20.0	821	0	2.7	4	196	21
1787123438850	19.999920962645678	821	0	3.2	4	196	21
1787123440849	19.99982931445669	823	0	2.8	4	196	21
1787123441850	20.0	823	0	3.2	4	196	21
1787123443851	19.999980389685895	823	0	3.0	4	196	21
1787123445849	19.999992577002754	825	0	1.9	4	196	21
1787123447849	19.9999892613391	825	0	2.4	4	196	21
1787123449848	19.99980610321315	827	0	2.1	4	196	21
1787123450849	19.999993636002024	827	0	2.7	4	196	21
1787123452849	20.0	829	0	3.3	4	196	21
1787123453850	20.0	915	0	15.5	4	196	21
1787123455849	20.0	917	0	3.2	4	196	21
1787123456849	20.0	917	0	3.7	4	196	21
1787123457849	20.0	919	0	3.5	4	196	21
1787123459848	20.0	983	0	5.0	4	196	21
1787123460849	19.99999794166688	985	0	4.5	4	196	21
1787123462848	20.0	987	0	2.4	4	196	21
1787123463849	20.0	987	0	3.2	4	196	21
1787123464849	20.0	987	0	3.8	4	196	21
1787123466849	20.0	989	0	5.2	4	196	21
1787123467849	20.0	989	0	8.5	4	196	21
1787123468849	19.999984070012687	989	0	2.9	4	196	21
1787123470853	19.99999815000017	991	0	3.2	4	196	21
1787123472852	19.999821936252015	993	0	3.8	4	196	21
1787123473853	20.0	993	0	6.0	4	196	21
1787123475850	19.99956609341395	995	0	4.0	4	196	21
1787123476851	19.99989742119279	995	0	3.5	4	196	21
1787123477852	19.999572985450598	995	0	5.3	4	196	21
1787123479852	20.0	997	0	4.0	4	196	21
1787123481851	19.999954938101528	997	0	4.3	4	196	21
1787123482853	19.999904817119656	997	0	4.7	4	196	21
1787123484850	19.999993757668616	999	0	5.5	4	196	21
1787123485850	19.999970424377068	999	0	5.3	4	196	21
1787123486853	19.999967351719963	999	0	4.0	4	196	21
1787123488851	19.99993919185155	1001	0	4.3	4	196	21
1787123489852	19.999956413761655	1003	0	4.7	4	196	21
1787123491851	19.999937698860737	1003	0	4.0	4	196	21
1787123493852	19.999938098191592	1003	0	4.3	4	196	21
1787123494852	19.999979070021904	1003	0	5.8	4	196	21
1787123496853	20.0	1005	0	4.2	4	196	21
1787123498851	19.999863168269485	1007	0	4.7	4	196	21
1787123499852	19.9999482891337	1007	0	4.7	4	196	21
1787123501851	19.999983011014432	1007	0	3.0	4	196	21
1787123502852	19.999838741633557	1007	0	3.8	4	196	21
1787123504848	19.99998705634171	1009	0	2.4	4	196	21
1787123505857	20.0	1009	0	3.2	4	196	21
1787123507586	19.99729261354669	1009	0	0.9	4	196	21
1787123508882	19.994913558256886	1011	0	6.9	4	196	21
1787123510855	19.99779696902734	1011	0	4.0	4	196	21
1787123512859	19.99771105099436	1013	0	6.0	4	196	21
1787123514861	19.997280342543796	1013	0	6.5	4	196	21
1787123515874	19.997742866428016	1013	0	5.5	4	196	21
1787123517856	19.99727124802184	1015	0	5.6	4	196	21
1787123518861	20.0	1015	0	5.3	4	196	21
1787123520863	19.99779599690825	1017	0	6.7	4	196	21
1787123522874	19.99863499650142	1019	0	3.8	4	196	21
1787123524858	19.99810388511296	1019	0	5.2	4	196	21
1787123525887	19.997518405953663	1021	0	6.2	4	196	21
1787123527857	19.9970451836115	1021	0	6.0	4	196	21
1787123529854	19.997743543608497	1023	0	5.2	4	196	21
1787123530862	19.997371273555554	1023	0	3.8	4	196	21
1787123532863	19.99778934937582	1023	0	3.5	4	196	21
1787123534850	19.99816521067137	1025	0	3.8	4	196	21
1787123535869	20.0	1025	0	3.5	4	196	21
1787123537855	19.997730317268886	1027	0	3.0	4	196	21
1787123538856	19.998278037603825	1027	0	2.8	4	196	21
1787123540855	19.998171702482203	1027	0	3.5	4	196	21
1787123542859	19.997334355996923	1029	0	4.4	4	196	21
1787123543886	19.997768208072554	1029	0	4.1	4	196	21
1787123545858	19.997310508050322	1031	0	4.0	4	196	21
1787123546860	19.997829080003594	1031	0	6.2	4	196	21
1787123548857	19.997718739903732	1031	0	5.8	4	196	21
1787123549868	19.997355721989873	1031	0	3.4	4	196	21
1787123551859	19.997586635584867	1033	0	5.2	4	196	21
1787123553888	19.997867856326067	1033	0	4.5	4	196	21
1787123555854	19.997914860413022	1035	0	5.0	4	196	21
1787123556862	19.997375612415702	1035	0	3.6	4	196	21
1787123558852	19.99791828003379	1037	0	3.6	4	196	21
1787123559857	19.997478485275245	1037	0	4.0	4	196	21
1787123560886	19.99784306997578	1037	0	5.6	4	196	21
1787123562855	19.99800654304667	1039	0	5.8	4	196	21
1787123563859	19.997776921464713	1039	0	7.5	4	196	21
1787123564865	19.99733720223847	1039	0	5.0	4	196	21
1787123566858	20.0	1041	0	5.5	4	196	21
1787123567883	20.0	1041	0	5.4	4	196	21
1787123569854	20.0	1045	0	13.2	4	196	21
1787123570866	19.99955645850334	1047	0	5.2	4	196	21
1787123572854	20.0	1047	0	3.8	4	196	21
1787123573874	19.99911117583551	1047	0	4.4	4	196	21
1787123575855	19.999868775860996	1049	0	5.0	4	196	21
1787123576876	20.0	1049	0	5.7	4	196	21
1787123578881	19.998196021065013	1051	0	5.0	4	196	21
1787123580858	19.999303885896254	1051	0	4.8	4	196	21
1787123581860	20.0	1053	0	5.4	4	196	21
1787123583858	20.0	1053	0	6.2	4	196	21
1787123585858	20.0	1055	0	7.8	4	196	21
1787123587856	20.0	1055	0	5.8	4	196	21
1787123589857	20.0	1057	0	5.8	4	196	21
1787123591858	20.0	1057	0	8.2	4	196	21
1787123593857	20.0	1059	0	5.6	4	196	21
1787123594858	19.99955060809788	1059	0	5.8	4	196	21
1787123596855	19.997934647972645	1059	0	4.5	4	196	21
1787123597871	19.999914383033182	1061	0	7.4	4	196	21
1787123599862	20.0	1061	0	7.7	4	196	21
1787123601855	19.999950962453568	1063	0	7.7	4	196	21
1787123602856	20.0	1063	0	9.8	4	196	21
1787123603874	19.999411257664722	1063	0	7.6	4	196	21
1787123605856	20.0	1065	0	7.3	4	196	21
1787123606858	20.0	1065	0	7.7	4	196	21
1787123607864	20.0	1065	0	7.2	4	196	21
1787123609877	19.999842005248126	1067	0	7.3	4	196	21
1787123611859	20.0	1067	0	6.7	4	196	21
1787123613858	20.0	1069	0	8.2	4	196	21
1787123614865	19.998534160442155	1069	0	6.7	4	196	21
1787123616860	19.999524237651094	1069	0	5.0	4	196	21
1787123618860	20.0	1071	0	3.6	4	196	21
1787123620867	19.999531910955625	1071	0	6.7	4	196	21
1787123622865	19.999553038655613	1073	0	4.0	4	196	21
1787123624855	20.0	1073	0	7.5	4	196	21
1787123625855	19.998629806544603	1075	0	5.3	4	196	21
1787123627857	19.999902021813323	1075	0	5.2	4	196	21
1787123628858	20.0	1075	0	3.4	4	196	21
1787123629860	20.0	1077	0	4.0	4	196	21
1787123631868	19.99860519161464	1079	0	4.4	4	196	21
1787123633857	20.0	1079	0	3.2	4	196	21
1787123634859	20.0	1081	0	7.0	4	196	21
1787123636855	20.0	1081	0	4.6	4	196	21
1787123637855	19.99809079727015	1081	0	3.8	4	196	21
1787123638861	20.0	1083	0	4.0	4	196	21
1787123640856	20.0	1083	0	4.6	4	196	21
1787123641866	19.99824613381582	1085	0	4.0	4	196	21
1787123643854	19.999799228348817	1087	0	3.6	4	196	21
1787123644856	19.99997070204292	1087	0	4.0	4	196	21
1787123645867	19.999007452593297	1087	0	3.2	4	196	21
1787123646887	20.0	1087	0	4.7	4	196	21
1787123648886	20.0	1089	0	6.7	4	196	21
1787123652635	20.0	1107	0	19.4	4	196	21
1787123654407	19.18338562881986	1123	0	19.3	4	196	21
1787123655441	19.182873777366982	1137	0	19.4	4	196	21
1787123657406	19.186167803541093	1189	0	26.0	4	196	21
1787123659412	19.186915474396496	1209	0	7.3	4	196	21
1787123661518	19.18495607617424	1213	0	8.3	4	196	21
1787123663434	19.184704058782533	1239	0	25.6	4	196	21
1787123665406	19.18463797235701	1243	0	4.2	4	196	21
1787123666409	19.18144472479151	1243	0	4.0	4	196	21
1787123668406	19.185173066218084	1243	0	3.4	4	196	21
1787123669409	19.185382440400577	1243	0	4.6	4	196	21
1787123670410	19.183686711854065	1243	0	6.2	4	196	21
1787123672409	19.186170360058682	1247	0	7.8	4	196	21
1787123674407	19.184409812693957	1247	0	4.0	4	196	21
1787123675408	19.184761503112906	1247	0	4.2	4	196	21
1787123677407	19.184541151991205	1247	0	7.0	4	196	21
1787123679407	19.18616531113649	1249	0	4.7	4	196	21
1787123680408	19.184459491995156	1249	0	4.4	4	196	21
1787123682407	19.18569475368257	1251	0	4.8	4	196	21
1787123683408	19.184671023640664	1251	0	4.4	4	196	21
1787123684410	19.184457654844934	1251	0	6.0	4	196	21
1787123686404	19.18478872389137	1251	0	4.5	4	196	21
1787123687408	19.185731051499975	1253	0	5.5	4	196	21
1787123689415	19.185626088414516	1253	0	4.4	4	196	21
1787123691409	19.185066032114246	1255	0	6.4	4	196	21
1787123693403	19.18539129116853	1255	0	5.4	4	196	21
1787123694408	19.18785673246354	1257	0	4.8	4	196	21
1787123696410	19.184635304605877	1257	0	4.0	4	196	21
1787123698405	19.185025024350708	1259	0	4.4	4	196	21
1787123699406	19.1833181619717	1259	0	3.2	4	196	21
1787123700445	19.18434449535036	1261	0	4.9	4	196	21
1787123701478	19.184719841515996	1261	0	3.5	4	196	21
1787123703407	19.185729581891675	1261	0	3.0	4	196	21
1787123704408	19.185779012202964	1263	0	4.0	4	196	21
1787123706409	19.184441153939293	1263	0	4.0	4	196	21
1787123707414	19.184537813502242	1265	0	3.8	4	196	21
1787123709407	19.184528772137746	1265	0	3.6	4	196	21
1787123711416	19.184379669522524	1265	0	5.5	4	196	21
1787123713173	19.18383864664948	1265	0	0.8	4	196	21
1787123714452	19.998987402603603	1267	0	8.9	4	196	21
1787123716408	19.999845304196548	1269	0	4.6	4	196	21
1787123717411	19.999524671630454	1269	0	5.5	4	196	21
1787123719410	19.998586652551275	1269	0	5.2	4	196	21
1787123720429	20.0	1269	0	3.8	4	196	21
1787123722409	20.0	1271	0	4.5	4	196	21
1787123724407	19.998058911076264	1273	0	3.8	4	196	21
1787123726409	20.0	1273	0	3.6	4	196	21
1787123728411	20.0	1273	0	4.0	4	196	21
1787123729417	19.997976636054126	1275	0	4.2	4	196	21
1787123731441	20.0	1275	0	3.7	4	196	21
1787123733411	20.0	1277	0	3.8	4	196	21
1787123735420	20.0	1277	0	6.3	4	196	21
1787123737404	19.999982716014937	1279	0	5.2	4	196	21
1787123738407	19.99939644954754	1279	0	5.2	4	196	21
1787123740408	20.0	1281	0	4.2	4	196	21
1787123741410	19.99977150361056	1281	0	8.0	4	196	21
1787123743415	20.0	1281	0	5.0	4	196	21
1787123745409	20.0	1281	0	4.0	4	196	21
1787123746410	19.998761647013986	1283	0	4.7	4	196	21
1787123748404	19.99950184307499	1285	0	4.0	4	196	21
1787123749441	19.999992646336036	1285	0	3.3	4	196	21
1787123751425	19.998815928438756	1285	0	4.6	4	196	21
1787123752432	20.0	1285	0	3.6	4	196	21
1787123754407	19.998613575781935	1287	0	4.6	4	196	21
1787123756422	20.0	1287	0	4.5	4	196	21
1787123758406	19.998454779727844	1289	0	4.4	4	196	21
1787123759409	19.99963732324351	1289	0	5.2	4	196	21
1787123760415	20.0	1291	0	6.2	4	196	21
1787123797809	20.0	1295	0	0.3	4	196	21
1787123799802	12.448720441430977	1303	0	3.7	4	196	21
1787126463724	20.0	1444	0	0.0	0	0	0
1787126479907	20.0	1366	0	48.0	3	147	21
1787126481897	20.0	1388	0	16.2	3	147	21
1787126482902	20.0	1388	0	8.1	3	147	21
1787126484897	20.0	1390	0	6.7	3	147	21
1787126486895	20.0	1392	0	6.7	3	147	21
1787126487900	20.0	1392	0	7.5	3	147	21
1787126490060	19.926527314654454	1436	0	48.4	4	196	21
1787126492058	19.97796066939722	1474	0	36.8	4	196	21
1787126493063	19.977968239355462	1490	0	32.7	4	196	21
1787126495062	19.977876584709033	1492	0	8.0	4	196	21
1787126497060	19.97795857369055	1492	0	7.3	4	196	21
1787126498060	19.97793873916745	1492	0	8.0	4	196	21
1787126499061	19.97538659830129	1492	0	7.6	4	196	21
1787126501055	19.977996216986416	1570	0	6.0	4	196	21
1787126502056	19.967346925677475	493	0	14.0	4	196	21
1787126503060	19.978015549728845	543	0	8.1	4	196	21
1787126505055	19.97802157812236	693	0	9.1	4	196	21
1787126506056	19.978000253756797	771	0	8.4	4	196	21
1787126508056	19.977972398843747	855	0	6.5	4	196	21
1787126510055	19.978029963332762	947	0	4.1	4	196	21
1787126511055	19.977656902283602	989	0	4.1	4	196	21
1787126512055	19.978021994871572	1029	0	4.6	4	196	21
1787126513055	19.97802533851135	1071	0	5.1	4	196	21
1787126514055	19.977857307113837	1111	0	4.6	4	196	21
1787126515058	19.97802500956872	1151	0	6.7	4	196	21
1787126517055	19.978025945176043	1235	0	4.4	4	196	21
1787126518056	19.97803218145175	1273	0	4.0	4	196	21
1787126519058	19.978011255519277	1367	0	15.8	4	196	21
1787126521058	19.978017630813024	1449	0	5.7	4	196	21
1787126523060	19.977986380338056	1557	0	5.6	4	196	21
1787126525056	19.978028492569475	469	0	5.1	4	196	21
1787126527055	19.978025010899128	547	0	4.9	4	196	21
1787126528055	19.977971327208266	589	0	8.0	4	196	21
1787126529055	19.97802792149297	631	0	6.2	4	196	21
1787126530058	19.97802383349082	673	0	6.2	4	196	21
1787126532055	19.978021980237124	753	0	6.5	4	196	21
1787126533059	19.97801281641485	793	0	4.7	4	196	21
1787126535058	19.977926514189477	875	0	6.0	4	196	21
1787126537055	19.97791681364219	975	0	17.3	4	196	21
1787126538063	19.978017234352652	1017	0	5.4	4	196	21
1787126540056	19.97801685352454	1101	0	6.1	4	196	21
1787126541059	19.946522273401865	1153	0	7.9	4	196	21
1787126543055	19.946507197692636	1263	0	4.0	4	196	21
1787126544055	19.946561317174368	1305	0	3.3	4	196	21
1787126545055	19.946515314104186	1345	0	2.7	4	196	21
1787126546055	19.946900112864608	1385	0	3.4	4	196	21
1787126547055	19.946528041101708	1435	0	6.7	4	196	21
1787126548055	19.946967375832905	1501	0	6.5	4	196	21
1787126549057	19.94652399979914	412	0	11.4	4	196	21
1787126551056	20.0	508	0	4.1	4	196	21
1787126553055	20.0	588	0	4.0	4	196	21
1787126554055	20.0	630	0	4.7	4	196	21
1787126555056	20.0	670	0	4.0	4	196	21
1787126557055	20.0	752	0	5.2	4	196	21
1787126558055	20.0	792	0	3.9	4	196	21
1787126559055	20.0	832	0	4.1	4	196	21
1787126560057	20.0	872	0	4.1	4	196	21
1787126561061	20.0	912	0	5.3	4	196	21
1787126563056	19.99989393156253	994	0	4.6	4	196	21
1787126564057	20.0	1034	0	10.9	4	196	21
1787126565057	19.999999226666695	1076	0	5.7	4	196	21
1787126566058	20.0	1116	0	5.3	4	196	21
1787126567061	19.99977931543511	1156	0	5.3	4	196	21
1787126569057	20.0	1236	0	5.6	4	196	21
1787126570061	19.999728952340057	1276	0	5.3	4	196	21
1787126572057	19.999991865336643	1356	0	4.9	4	196	21
1787126573059	19.999994434668217	1396	0	5.0	4	196	21
1787126575057	19.999986466009158	1478	0	5.2	4	196	21
1787126576060	19.999978445356565	1518	0	5.6	4	196	21
1787126578058	19.99992799425924	428	0	4.9	4	196	21
1787126579059	19.999995476334355	468	0	5.7	4	196	21
1787126581055	19.99999794166688	552	0	11.0	4	196	21
1787126582061	19.999992802669258	590	0	7.2	4	196	21
1787126584055	20.0	670	0	5.8	4	196	21
1787126585055	19.999991292337125	728	0	5.4	4	196	21
1787126586055	20.0	768	0	3.5	4	196	21
1787126587055	20.0	808	0	4.3	4	196	21
1787126588055	20.0	848	0	3.2	4	196	21
1787126589055	19.9999956846676	888	0	3.9	4	196	21
1787126590055	19.99999934800002	926	0	3.8	4	196	21
1787126591055	20.0	966	0	3.6	4	196	21
1787126592056	20.0	1006	0	3.7	4	196	21
1787126594055	20.0	1088	0	3.8	4	196	21
1787126595057	20.0	1128	0	3.7	4	196	21
1787126597058	20.0	1208	0	8.7	4	196	21
1787126598061	19.99997419169997	1240	0	8.2	4	196	21
1787126600055	19.999990025004976	1314	0	4.1	4	196	21
1787126601057	20.0	1350	0	3.9	4	196	21
1787126603056	19.99999663966723	1438	0	4.0	4	196	21
1787126605056	19.999994556334816	1482	0	1.4	4	196	21
1787126606056	19.99998512901106	1482	0	1.6	4	196	21
1787126607057	19.999998497000114	1484	0	1.6	4	196	21
1787126608058	19.99999209100313	1484	0	1.6	4	196	21
1787126610055	20.0	1484	0	2.0	4	196	21
1787126611057	19.999879001398703	1486	0	1.7	4	196	21
1787126613056	19.999994191668353	1486	0	2.0	4	196	21
1787126614057	20.0	1486	0	2.0	4	196	21
1787126616056	19.99998490367806	1488	0	2.3	4	196	21
1787126617057	19.999979434687813	1488	0	2.1	4	196	21
1787126619058	19.99996158774044	1490	0	4.0	4	196	21
1787126620059	19.999973462368544	1490	0	4.3	4	196	21
1787126621061	19.999982941681218	1490	0	3.5	4	196	21
1787126623057	20.0	1492	0	2.8	4	196	21
1787126624059	19.999978271690274	1492	0	3.3	4	196	21
1787126626059	19.999977490358667	1492	0	3.5	4	196	21
1787126628062	20.0	1494	0	2.7	4	196	21
1787126630057	20.0	1496	0	2.5	4	196	21
1787126632058	19.999980268019467	1496	0	1.7	4	196	21
1787126634057	19.99999111867061	1498	0	2.7	4	196	21
1787126635057	19.999996656667225	1498	0	3.2	4	196	21
1787126637057	19.999992733335972	1498	0	3.8	4	196	21
1787126639055	20.0	1500	0	2.3	4	196	21
1787126640056	20.0	1500	0	3.2	4	196	21
1787126641654	19.99999794166688	1502	0	8.6	4	196	21
1787126643059	20.0	1504	0	3.7	4	196	21
1787126645057	19.99996776838528	1504	0	2.5	4	196	21
1787126647057	19.999965181060617	1506	0	4.3	4	196	21
1787126649057	19.99999933066669	407	0	17.6	4	196	21
1787126651056	19.999984417345473	409	0	1.7	4	196	21
1787126652056	19.999983306347268	409	0	2.3	4	196	21
1787126653057	19.99997070204292	411	0	2.8	4	196	21
1787126654057	19.999991552670235	411	0	3.0	4	196	21
1787126655060	19.9999909450041	411	0	3.3	4	196	21
1787126657057	19.999996084000767	413	0	3.8	4	196	21
1787126658057	19.99999663966723	413	0	3.3	4	196	21
1787126659062	20.0	413	0	3.8	4	196	21
1787126661062	19.999981882683077	415	0	3.7	4	196	21
1787126663058	19.999891674920054	417	0	2.6	4	196	21
1787126664059	20.0	417	0	3.8	4	196	21
1787126666059	19.99964477097616	419	0	3.3	4	196	21
1787126667059	19.999812214429856	419	0	4.0	4	196	21
1787126669055	19.99999026833807	419	0	1.4	4	196	21
1787126670055	20.0	421	0	2.5	4	196	21
1787126671056	20.0	421	0	2.0	4	196	21
1787126673056	20.0	421	0	2.8	4	196	21
1787126674056	20.0	423	0	3.0	4	196	21
1787126676056	20.0	423	0	1.9	4	196	21
1787126677056	20.0	423	0	2.0	4	196	21
1787126678056	19.999979816687034	425	0	2.7	4	196	21
1787126680060	20.0	427	0	3.0	4	196	21
1787126682055	19.99999759433362	429	0	1.0	4	196	21
1787126683076	20.0	429	0	1.4	4	196	21
1787126685065	19.997389879680863	431	0	2.0	4	196	21
1787126687057	19.999923514625834	431	0	2.2	4	196	21
1787126688057	19.999984729678324	431	0	2.3	4	196	21
1787126690057	19.99996228207113	433	0	2.8	4	196	21
1787126691066	19.99990537244772	433	0	5.7	4	196	21
1787126693057	19.999963306400655	435	0	3.2	4	196	21
1787126695056	19.999950858454078	435	0	2.8	4	196	21
1787126696058	19.999896136872714	435	0	5.0	4	196	21
1787126698059	19.99990269914004	437	0	3.2	4	196	21
1787126700060	19.99980181529721	437	0	3.3	4	196	21
1787126702056	20.0	439	0	2.3	4	196	21
1787126704057	20.0	439	0	4.5	4	196	21
1787126705058	19.997379291783915	439	0	3.7	4	196	21
1787126706750	19.997402254791172	441	0	0.6	4	196	21
1787126708062	20.0	441	0	5.7	4	196	21
1787126710057	20.0	447	0	1.6	4	196	21
1787126712061	19.99996719505381	447	0	3.5	4	196	21
1787126714055	19.999829766115656	447	0	2.8	4	196	21
1787126715059	20.0	449	0	3.8	4	196	21
1787126717056	19.99986664055591	449	0	3.7	4	196	21
1787126718060	19.999988063007123	449	0	3.8	4	196	21
1787126720057	19.999839991613477	451	0	3.8	4	196	21
1787126721059	19.999937681194183	451	0	3.7	4	196	21
1787126722060	20.0	451	0	9.3	4	196	21
1787126724057	20.0	453	0	6.5	4	196	21
1787126725057	19.999755565987435	455	0	2.6	4	196	21
1787126726061	20.0	455	0	2.6	4	196	21
1787126727650	19.997617079615974	455	0	0.4	4	196	21
1787126729065	19.993029729413852	457	0	7.8	4	196	21
1787126731065	19.997285758072127	457	0	4.5	4	196	21
1787126733062	19.997450749308708	459	0	4.0	4	196	21
1787126734063	19.997285566790723	459	0	4.0	4	196	21
1787126735079	19.997836821659003	459	0	4.7	4	196	21
1787126737065	19.998895086045113	461	0	4.5	4	196	21
1787126739063	19.99743169151945	461	0	5.0	4	196	21
1787126740065	19.997295685715237	461	0	5.0	4	196	21
1787126741066	19.99733786206276	463	0	5.0	4	196	21
1787126743063	19.997450835953284	463	0	4.3	4	196	21
1787126744063	20.0	465	0	9.2	4	196	21
1787126746062	19.997363063717494	465	0	3.6	4	196	21
1787126747071	19.997510369618222	465	0	4.7	4	196	21
1787126749063	19.999651454740963	467	0	8.4	4	196	21
1787126751073	19.996486146133602	467	0	6.3	4	196	21
1787126753078	19.995445194548928	469	0	5.2	4	196	21
1787126755060	19.99672254150807	469	0	9.8	4	196	21
1787126756064	19.99974629555167	471	0	5.6	4	196	21
1787126757069	19.998415567197977	471	0	5.0	4	196	21
1787126758098	19.997365702021998	471	0	4.4	4	196	21
1787126760063	19.998894218141057	473	0	5.4	4	196	21
1787126762059	19.997552789811863	473	0	5.6	4	196	21
1787126763069	19.999745062916354	475	0	4.7	4	196	21
1787126765066	19.99993387955193	475	0	5.0	4	196	21
1787126767062	20.0	477	0	4.2	4	196	21
1787126768071	20.0	477	0	4.0	4	196	21
1787126770067	19.997639036407026	477	0	3.6	4	196	21
1787126772061	19.997505214569873	479	0	2.8	4	196	21
1787126774063	19.99768229028671	479	0	4.2	4	196	21
1787126775063	19.998373785572753	481	0	4.0	4	196	21
1787126776065	19.997477999064543	481	0	4.0	4	196	21
1787126777069	19.99741051664795	481	0	4.7	4	196	21
1787126779063	19.99814769656729	483	0	3.2	4	196	21
1787126781431	19.997458576982588	499	0	23.1	4	196	21
1787126783096	19.997628518229636	519	0	31.4	4	196	21
1787126785124	19.995177472785564	565	0	24.7	4	196	21
1787126787064	19.999664509961107	601	0	12.5	4	196	21
1787126789193	20.0	605	0	9.3	4	196	21
1787126791064	19.99648081800774	631	0	38.7	4	196	21
1787126793063	19.999956049429915	633	0	6.5	4	196	21
1787126795066	19.999555885528768	635	0	6.0	4	196	21
1787126797064	19.998551831533856	635	0	5.5	4	196	21
1787126799064	19.99996657005588	637	0	5.7	4	196	21
1787126801063	20.0	637	0	5.5	4	196	21
1787126802067	20.0	639	0	6.2	4	196	21
1787126804064	19.99998547634388	639	0	4.7	4	196	21
1787126805077	20.0	641	0	4.3	4	196	21
1787126807062	20.0	641	0	3.8	4	196	21
1787126808063	19.999925719942546	641	0	4.0	4	196	21
1787126810067	20.0	643	0	5.8	4	196	21
1787126812060	19.998777964006493	643	0	7.6	4	196	21
1787126813063	20.0	645	0	8.2	4	196	21
1787126815059	20.0	645	0	6.8	4	196	21
1787126816077	19.997237541944767	645	0	6.9	4	196	21
1787126818063	20.0	647	0	5.5	4	196	21
1787126819084	19.998669314875368	647	0	5.4	4	196	21
1787126820095	19.998740711628685	647	0	6.0	4	196	21
1787126822062	19.99579540578316	649	0	4.7	4	196	21
1787126823079	19.997587469050387	649	0	5.2	4	196	21
1787126825063	19.999797093058582	651	0	7.5	4	196	21
1787126826069	20.0	651	0	5.5	4	196	21
1787126828063	19.999935354875618	653	0	5.0	4	196	21
1787126830057	19.999630344499053	653	0	7.8	4	196	21
1787126831059	20.0	653	0	6.0	4	196	21
1787126832060	20.0	655	0	6.7	4	196	21
1787126833067	19.998462296235733	655	0	7.2	4	196	21
1787126835062	19.998934404777685	655	0	4.4	4	196	21
1787126836066	20.0	657	0	4.0	4	196	21
1787126838062	20.0	657	0	5.6	4	196	21
1787126839062	20.0	657	0	5.0	4	196	21
1787126840065	19.999973584368224	659	0	5.2	4	196	21
1787126841078	20.0	659	0	4.7	4	196	21
1787126843057	20.0	661	0	12.2	4	196	21
1787126844059	20.0	663	0	4.3	4	196	21
1787126846056	20.0	663	0	2.3	4	196	21
1787126848057	20.0	665	0	1.7	4	196	21
1787126850057	20.0	665	0	2.2	4	196	21
1787126851058	20.0	665	0	2.1	4	196	21
1787126852059	20.0	667	0	3.5	4	196	21
1787126854060	20.0	669	0	3.7	4	196	21
1787126856056	20.0	671	0	1.9	4	196	21
1787126857059	20.0	671	0	3.0	4	196	21
1787126858061	20.0	671	0	2.2	4	196	21
1787126860058	20.0	673	0	4.7	4	196	21
1787126861061	20.0	673	0	4.2	4	196	21
1787126862064	20.0	673	0	6.5	4	196	21
1787126864057	20.0	673	0	2.7	4	196	21
1787126866056	20.0	677	0	3.5	4	196	21
1787126867060	20.0	677	0	3.7	4	196	21
1787126869057	20.0	677	0	4.0	4	196	21
1787126870057	20.0	679	0	3.0	4	196	21
1787126872057	20.0	679	0	3.0	4	196	21
1787126873059	20.0	679	0	2.8	4	196	21
1787126875055	20.0	681	0	2.2	4	196	21
1787126876056	20.0	683	0	2.7	4	196	21
1787126877057	20.0	683	0	2.4	4	196	21
1787126879060	20.0	685	0	6.2	4	196	21
1787126881056	20.0	687	0	3.2	4	196	21
1787126882060	20.0	687	0	4.3	4	196	21
1787126884059	20.0	689	0	3.2	4	196	21
1787126886056	20.0	689	0	3.5	4	196	21
1787126887058	20.0	689	0	3.3	4	196	21
1787126889058	20.0	691	0	4.0	4	196	21
